From;To;Type;Through;start_x;start_y;stop_x;stop_y;adjacency_rule_name;Comment
9363;6345;sea;8533;-1;-1;-1;-1;;LittleHoof
11773;9851;sea;5250;-1;-1;-1;-1;;SpaIslands
902;11824;sea;5250;-1;-1;-1;-1;;SpaIslands2
11529;177;sea;5328;-1;-1;-1;-1;;Yukka
177;13077;sea;5328;-1;-1;-1;-1;;Yukka2
379;7166;sea;8556;-1;-1;-1;-1;;South
11625;6670;sea;5927;-1;-1;-1;-1;;Sunshine
11612;3631;sea;8273;-1;-1;-1;-1;;Minefield
9847;9580;sea;2458;-1;-1;-1;-1;;Olenia
1163;10051;sea;4666;-1;-1;-1;-1;;IslandofDeath
4057;10046;sea;8543;-1;-1;-1;-1;;IslandofDeath2
1198;4047;sea;8543;-1;-1;-1;-1;;IslandofDeath3
10370;12463;sea;8694;-1;-1;-1;-1;;Queensland
12463;1534;sea;8694;-1;-1;-1;-1;;Queensland2
10370;1534;sea;8694;-1;-1;-1;-1;;Queensland3
10457;7607;sea;5830;-1;-1;-1;-1;;Queensland4
4166;6737;sea;1256;-1;-1;-1;-1;;Bears
4166;4029;sea;1256;-1;-1;-1;-1;;Bears2
12368;4834;sea;1256;-1;-1;-1;-1;;Bears3
3699;4834;sea;1256;-1;-1;-1;-1;;Bears4
4775;4875;sea;8782;-1;-1;-1;-1;;PinPegasus
4305;6057;sea;8557;-1;-1;-1;-1;;PinPegasus2
11104;6015;sea;8482;-1;-1;-1;-1;;Griffons
9328;9089;sea;8482;-1;-1;-1;-1;;Griffons2
3301;11361;sea;2448;-1;-1;-1;-1;;Trottingham
11361;3369;sea;8865;-1;-1;-1;-1;;Trottingham2
11406;6526;sea;8865;-1;-1;-1;-1;;Trottingham3
9833;11829;sea;4213;-1;-1;-1;-1;;Dragons
10070;1194;sea;2375;-1;-1;-1;-1;;Dragons2
7463;9059;sea;8340;-1;-1;-1;-1;;Haukland
9165;9059;sea;8340;-1;-1;-1;-1;;Haukland
9165;10138;sea;2942;-1;-1;-1;-1;;Haukland
7673;98;sea;3195;-1;-1;-1;-1;;Haukland
4446;98;sea;3195;-1;-1;-1;-1;;Haukland

4305;13115;sea;8565;-1;-1;-1;-1;;PinguinsCapital
12929;4305;sea;8604;-1;-1;-1;-1;;Pinguins-Left-Island
13215;12929;sea;8604;-1;-1;-1;-1;;Pinguins
13215;10833;sea;8604;-1;-1;-1;-1;;Pinguins-Land
12801;9190;sea;8517;-1;-1;-1;-1;;Pinguins-Land2
13094;4875;sea;8782;-1;-1;-1;-1;;Pinguins-Lospegasus
11575;9604;sea;422;-1;-1;-1;-1;;GiantGriffonLake-Islands
11575;753;sea;422;-1;-1;-1;-1;;GiantGriffonLake-Shore
8101;11213;sea;5812;-1;-1;-1;-1;;New Manehattan-Aquilia
10882;7107;sea;5890;-1;-1;-1;-1;;New Manehattan-Talononte
6275;8360;sea;8262;-1;-1;-1;-1;;Northern-Island
9055;12142;sea;5838;-1;-1;-1;-1;;Southern-Islands-Mainland
9055;9045;sea;5838;-1;-1;-1;-1;;Southern-Islands-IslandSouth
12142;9045;sea;5838;-1;-1;-1;-1;;Mainland-IslandSouth
12182;5104;sea;7678;-1;-1;-1;-1;;Smolsouthisland
12182;9055;sea;7678;-1;-1;-1;-1;;Smolisland-Southernisland
10180;3080;sea;5656;-1;-1;-1;-1;;Mainland-Smolright-island
1228;3080;sea;5656;-1;-1;-1;-1;;Smolrightisland-BigSouthIsland
7601;1400;sea;5656;-1;-1;-1;-1;;Tinyisland-Mainland
1642;4576;sea;8308;-1;-1;-1;-1;;LandofHeroes-Mainland
1248;1577;sea;411;-1;-1;-1;-1;;uwotm8
1577;10453;sea;411;-1;-1;-1;-1;;uwotm8-2
1248;8160;sea;411;-1;-1;-1;-1;;ToMinotauria
5214;12965;sea;5185;-1;-1;-1;-1;;Minotauria3
12919;4335;sea;464;-1;-1;-1;-1;;Minotauria2
11020;12129;sea;8334;-1;-1;-1;-1;;Minotauria2
10274;3147;sea;843;-1;-1;-1;-1;;HeartIsland
1316;7376;sea;8334;-1;-1;-1;-1;;TriangleIsland
1064;6177;sea;6040;-1;-1;-1;-1;;Thatisland
1064;1273;sea;6040;-1;-1;-1;-1;;Thatisland
1064;12269;sea;6040;-1;-1;-1;-1;;Thatisland
12834;2100;sea;8708;-1;-1;-1;-1;;Tinyeasternisland
10485;10395;sea;8442;-1;-1;-1;-1;;Someislands-EquestrianWest
10395;1479;sea;8442;-1;-1;-1;-1;;Someislands-EquestrianWest
1479;10435;sea;8442;-1;-1;-1;-1;;Someislands-EquestrianWest
1614;10435;sea;8865;-1;-1;-1;-1;;Someislands-EquestrianWest

1428;11963;sea;1050;-1;-1;-1;-1;;ZESIslands
11963;12126;sea;6040;-1;-1;-1;-1;;ZESIslands
12126;11990;sea;6040;-1;-1;-1;-1;;ZESIslands
11990;12253;sea;6040;-1;-1;-1;-1;;ZESIslands
11990;12269;sea;6040;-1;-1;-1;-1;;ZESIslands
12253;4423;sea;6040;-1;-1;-1;-1;;ZESIslands
4423;10001;sea;6040;-1;-1;-1;-1;;ZESIslands

12710;5041;sea;2996;-1;-1;-1;-1;;Deerland-Nimbusia

12373;12388;sea;13220;-1;-1;-1;-1;;Cyanolisia-Minotauria
12402;10266;sea;411;-1;-1;-1;-1;;Sicameon-Minotauria
1252;10266;sea;411;-1;-1;-1;-1;;Sicameon-Minotauria
10438;1252;sea;411;-1;-1;-1;-1;;Sicameon-Sicameon
4396;4323;sea;11015;-1;-1;-1;-1;;Minotauria4
4323;1123;sea;11015;-1;-1;-1;-1;;Minotauria4
1123;7415;sea;11015;-1;-1;-1;-1;;Minotauria4
11932;2047;sea;11015;-1;-1;-1;-1;;Minotauria5
11932;10124;sea;3826;-1;-1;-1;-1;;Minotauria5
10124;10269;sea;3826;-1;-1;-1;-1;;Minotauria5
12196;12969;sea;411;-1;-1;-1;-1;;Minotauria6

12171;7387;sea;2864;-1;-1;-1;-1;;Minotauria7
7387;10285;sea;2864;-1;-1;-1;-1;;Minotauria7
8091;2117;sea;2864;-1;-1;-1;-1;;Minotauria7

15789;15794;sea;1045;-1;-1;-1;-1;;Meowuak
15822;15842;sea;20207;-1;-1;-1;-1;;Meowuak-Catorahe
20301;15842;sea;20207;-1;-1;-1;-1;;Catorahe
15531;15460;sea;1936;-1;-1;-1;-1;;Afoalaj-Dawasire
20069;15142;sea;5370;-1;-1;-1;-1;;Comareos-ThunderCliffs
15176;20305;sea;20181;-1;-1;-1;-1;;Maelstorm-ThunderCliffs
20274;20275;sea;20217;-1;-1;-1;-1;;Scaly
13394;20276;sea;20227;-1;-1;-1;-1;;Scaly
20277;20276;sea;20227;-1;-1;-1;-1;;Scaly
18530;18514;sea;7133;-1;-1;-1;-1;;Tobuck-Trotiran
18484;10665;sea;7133;-1;-1;-1;-1;;AlAqabuc-Trotiran
4387;13398;sea;4562;-1;-1;-1;-1;;KakapoIsl
4378;13398;sea;2864;-1;-1;-1;-1;;KakapoIsl
4689;6824;sea;59;-1;-1;-1;-1;;Pombal
5870;5159;sea;229;-1;-1;-1;-1;;Canaries
5790;5766;sea;229;-1;-1;-1;-1;;Canaries
5842;5766;sea;229;-1;-1;-1;-1;;Canaries
5842;4929;sea;229;-1;-1;-1;-1;;Canaries
4929;4483;sea;229;-1;-1;-1;-1;;Canaries
7936;8263;sea;20222;-1;-1;-1;-1;;CacatuidaeIsl
8246;8263;sea;2896;-1;-1;-1;-1;;CacatuidaeIsl
18475;18454;sea;2691;-1;-1;-1;-1;;Horsemuz
18449;18454;sea;2666;-1;-1;-1;-1;;Horsemuz
14068;14031;sea;3436;-1;-1;-1;-1;;AshSmareqiyah
13852;13871;sea;3232;-1;-1;-1;-1;;Maregostan
13884;13871;sea;3232;-1;-1;-1;-1;;Maregostan
13884;13881;sea;3232;-1;-1;-1;-1;;Maregostan
14110;14313;sea;20189;-1;-1;-1;-1;;Mareshhad
13744;13738;sea;5826;-1;-1;-1;-1;;Zanjan
15148;15147;sea;5748;-1;-1;-1;-1;;Highstorms
1546;1355;sea;6434;-1;-1;-1;-1;;DuyenHaiManen
1617;4211;sea;8387;-1;-1;-1;-1;;DuyenHaiManen
16683;16684;sea;5960;-1;-1;-1;-1;;Trotwan
16142;16245;sea;9019;-1;-1;-1;-1;;Zohancapan
16048;13376;sea;9019;-1;-1;-1;-1;;Zebxitec
16041;16012;sea;9019;-1;-1;-1;-1;;Zebxitec

20271;18474;sea;20223;-1;-1;-1;-1;;Zjerba

18994;18985;sea;2932;-1;-1;-1;-1;;Mane'a Land Bridge

20080;10475;sea;5270;-1;-1;-1;-1;;Extremanedura
16376;16378;sea;8296;-1;-1;-1;-1;;Tortrra Oscura
16738;16381;sea;8296;-1;-1;-1;-1;;Marecuria

16742;16391;sea;2413;-1;-1;-1;-1;;Marecuria
16747;16743;sea;2860;-1;-1;-1;-1;;Marecuria

16755;16753;sea;20079;-1;-1;-1;-1;;Sagre
16754;16753;sea;20079;-1;-1;-1;-1;;Sagre
16757;16761;sea;20195;-1;-1;-1;-1;;Sagre

16010;16030;sea;13406;-1;-1;-1;-1;;TheGoldenCity

20084;13371;sea;7484;-1;-1;-1;-1;;Ponava
20296;20297;sea;7484;-1;-1;-1;-1;;Ponava
20272;20297;sea;7484;-1;-1;-1;-1;;Ponava
20088;20298;sea;7017;-1;-1;-1;-1;;Ponava
20259;20261;sea;20197;-1;-1;-1;-1;;Ponava

20262;15951;sea;18238;-1;-1;-1;-1;;Mreida

16240;2639;sea;20204;-1;-1;-1;-1;;Zelsalampy
16280;2465;sea;20205;-1;-1;-1;-1;;Zelsalampy

20698;20701;sea;8386;-1;-1;-1;-1;;PuertoCaballo

20707;20699;sea;5833;-1;-1;-1;-1;;SummerIslands

20691;20688;sea;6854;-1;-1;-1;-1;;Tropico
20688;20689;sea;6854;-1;-1;-1;-1;;Tropico
20689;20687;sea;6854;-1;-1;-1;-1;;Tropico
20687;20682;sea;6854;-1;-1;-1;-1;;Tropico
20682;20685;sea;6854;-1;-1;-1;-1;;Tropico
20681;20683;sea;6854;-1;-1;-1;-1;;Tropico
20711;20702;sea;5958;-1;-1;-1;-1;;Tropico

20671;20664;sea;5339;-1;-1;-1;-1;;Celestial Islands
20676;20670;sea;8410;-1;-1;-1;-1;;Celestial Islands
20670;20674;sea;8410;-1;-1;-1;-1;;Celestial Islands
20666;20674;sea;8410;-1;-1;-1;-1;;Celestial Islands
20675;20674;sea;8410;-1;-1;-1;-1;;Celestial Islands
20675;20678;sea;8410;-1;-1;-1;-1;;Celestial Islands
20679;20678;sea;8410;-1;-1;-1;-1;;Celestial Islands
20679;20677;sea;8410;-1;-1;-1;-1;;Celestial Islands
20677;20678;sea;8410;-1;-1;-1;-1;;Celestial Islands
20672;20667;sea;8410;-1;-1;-1;-1;;Celestial Islands

20665;20668;sea;8487;-1;-1;-1;-1;;Celestial Islands

20662;20661;sea;8384;-1;-1;-1;-1;;Celestial Islands
20660;20661;sea;8459;-1;-1;-1;-1;;Celestial Islands

20659;20658;sea;8514;-1;-1;-1;-1;;Celestial Islands

20651;20657;sea;5508;-1;-1;-1;-1;;Celestial Islands
20651;20653;sea;5508;-1;-1;-1;-1;;Celestial Islands
20654;20653;sea;5508;-1;-1;-1;-1;;Celestial Islands

18727;18738;sea;7987;-1;-1;-1;-1;;Terraceia
18746;18751;sea;7987;-1;-1;-1;-1;;Grand Alaudia

4718;5195;sea;20211;-1;-1;-1;-1;;Neighile Delta Islands
4718;19285;sea;20211;-1;-1;-1;-1;;Neighile Delta Islands
4819;19285;sea;20211;-1;-1;-1;-1;;Neighile Delta Islands

14609;14619;sea;2741;-1;-1;-1;-1;;Koltbylia

13395;5917;sea;1889;-1;-1;-1;-1;;Parakeets
7251;5917;sea;1889;-1;-1;-1;-1;;Parakeets

14791;3817;sea;20303;-1;-1;-1;-1;;GreatLakes

16758;16759;sea;2884;-1;-1;-1;-1;;HyenaIsles

17442;17425;impassable;-1;-1;-1;-1;-1;;WestLlamaMountains
17403;17425;impassable;-1;-1;-1;-1;-1;;WestLlamaMountains
17403;17395;impassable;-1;-1;-1;-1;-1;;WestLlamaMountains
17364;17370;impassable;-1;-1;-1;-1;-1;;WestLlamaMountains
17342;17370;impassable;-1;-1;-1;-1;-1;;WestLlamaMountains
17342;17356;impassable;-1;-1;-1;-1;-1;;WestLlamaMountains
17315;17356;impassable;-1;-1;-1;-1;-1;;WestLlamaMountains
17296;17327;impassable;-1;-1;-1;-1;-1;;WestLlamaMountains
17296;17314;impassable;-1;-1;-1;-1;-1;;WestLlamaMountains
17301;17314;impassable;-1;-1;-1;-1;-1;;WestLlamaMountains
17301;17299;impassable;-1;-1;-1;-1;-1;;WestLlamaMountains
17285;17299;impassable;-1;-1;-1;-1;-1;;WestLlamaMountains
17256;17299;impassable;-1;-1;-1;-1;-1;;WestLlamaMountains
17256;17289;impassable;-1;-1;-1;-1;-1;;WestLlamaMountains
17256;17269;impassable;-1;-1;-1;-1;-1;;WestLlamaMountains
17248;17269;impassable;-1;-1;-1;-1;-1;;WestLlamaMountains
17248;17244;impassable;-1;-1;-1;-1;-1;;WestLlamaMountains
17215;17244;impassable;-1;-1;-1;-1;-1;;WestLlamaMountains
17225;17244;impassable;-1;-1;-1;-1;-1;;WestLlamaMountains
17225;17237;impassable;-1;-1;-1;-1;-1;;WestLlamaMountains
17220;17237;impassable;-1;-1;-1;-1;-1;;WestLlamaMountains
17207;17223;impassable;-1;-1;-1;-1;-1;;WestLlamaMountains
17207;17226;impassable;-1;-1;-1;-1;-1;;WestLlamaMountains
17207;17212;impassable;-1;-1;-1;-1;-1;;WestLlamaMountains
17198;17212;impassable;-1;-1;-1;-1;-1;;WestLlamaMountains
17198;17202;impassable;-1;-1;-1;-1;-1;;WestLlamaMountains
17193;17202;impassable;-1;-1;-1;-1;-1;;WestLlamaMountains
17196;17202;impassable;-1;-1;-1;-1;-1;;WestLlamaMountains
17196;17209;impassable;-1;-1;-1;-1;-1;;WestLlamaMountains
17196;17208;impassable;-1;-1;-1;-1;-1;;WestLlamaMountains
17195;17208;impassable;-1;-1;-1;-1;-1;;WestLlamaMountains
17195;17206;impassable;-1;-1;-1;-1;-1;;WestLlamaMountains
17201;17206;impassable;-1;-1;-1;-1;-1;;WestLlamaMountains
17201;17219;impassable;-1;-1;-1;-1;-1;;WestLlamaMountains
17204;17219;impassable;-1;-1;-1;-1;-1;;WestLlamaMountains
17204;17222;impassable;-1;-1;-1;-1;-1;;WestLlamaMountains
17210;17222;impassable;-1;-1;-1;-1;-1;;WestLlamaMountains
17232;17222;impassable;-1;-1;-1;-1;-1;;WestLlamaMountains
17301;17333;impassable;-1;-1;-1;-1;-1;;WestLlamaMountains

17292;17303;impassable;-1;-1;-1;-1;-1;;GazelleMountains
17292;17322;impassable;-1;-1;-1;-1;-1;;GazelleMountains
17305;17322;impassable;-1;-1;-1;-1;-1;;GazelleMountains

13035;13042;impassable;-1;-1;-1;-1;-1;;GazelleMountains
13035;12222;impassable;-1;-1;-1;-1;-1;;GazelleMountains
10906;12222;impassable;-1;-1;-1;-1;-1;;GazelleMountains
10906;10160;impassable;-1;-1;-1;-1;-1;;GazelleMountains
9009;10160;impassable;-1;-1;-1;-1;-1;;GazelleMountains
8919;10160;impassable;-1;-1;-1;-1;-1;;GazelleMountains
8919;8913;impassable;-1;-1;-1;-1;-1;;GazelleMountains
8794;8913;impassable;-1;-1;-1;-1;-1;;GazelleMountains
8686;8913;impassable;-1;-1;-1;-1;-1;;GazelleMountains
8711;8913;impassable;-1;-1;-1;-1;-1;;GazelleMountains
8711;8872;impassable;-1;-1;-1;-1;-1;;GazelleMountains
8750;8872;impassable;-1;-1;-1;-1;-1;;GazelleMountains
8857;8872;impassable;-1;-1;-1;-1;-1;;GazelleMountains
8857;20647;impassable;-1;-1;-1;-1;-1;;GazelleMountains
8857;9091;impassable;-1;-1;-1;-1;-1;;GazelleMountains
8857;8986;impassable;-1;-1;-1;-1;-1;;GazelleMountains
8896;8986;impassable;-1;-1;-1;-1;-1;;GazelleMountains
8896;9014;impassable;-1;-1;-1;-1;-1;;GazelleMountains
8820;9014;impassable;-1;-1;-1;-1;-1;;GazelleMountains
8820;8966;impassable;-1;-1;-1;-1;-1;;GazelleMountains
8794;8686;impassable;-1;-1;-1;-1;-1;;GazelleMountains
8794;8699;impassable;-1;-1;-1;-1;-1;;GazelleMountains
20555;8699;impassable;-1;-1;-1;-1;-1;;GazelleMountains
17232;17243;impassable;-1;-1;-1;-1;-1;;GazelleMountains
17168;17164;impassable;-1;-1;-1;-1;-1;;GazelleMountains
17168;17166;impassable;-1;-1;-1;-1;-1;;GazelleMountains
17168;17172;impassable;-1;-1;-1;-1;-1;;GazelleMountains

17322;17336;impassable;-1;-1;-1;-1;-1;;TrotbetHindiaMountains
17322;17351;impassable;-1;-1;-1;-1;-1;;TrotbetHindiaMountains
17347;17351;impassable;-1;-1;-1;-1;-1;;TrotbetHindiaMountains
17347;17374;impassable;-1;-1;-1;-1;-1;;TrotbetHindiaMountains
17361;17374;impassable;-1;-1;-1;-1;-1;;TrotbetHindiaMountains
17361;17386;impassable;-1;-1;-1;-1;-1;;TrotbetHindiaMountains
17371;17386;impassable;-1;-1;-1;-1;-1;;TrotbetHindiaMountains
17371;17401;impassable;-1;-1;-1;-1;-1;;TrotbetHindiaMountains
17389;17401;impassable;-1;-1;-1;-1;-1;;TrotbetHindiaMountains
17371;17389;impassable;-1;-1;-1;-1;-1;;TrotbetHindiaMountains
17409;17389;impassable;-1;-1;-1;-1;-1;;TrotbetHindiaMountains
17424;17389;impassable;-1;-1;-1;-1;-1;;TrotbetHindiaMountains
17424;17408;impassable;-1;-1;-1;-1;-1;;TrotbetHindiaMountains
17434;17408;impassable;-1;-1;-1;-1;-1;;TrotbetHindiaMountains
17434;17412;impassable;-1;-1;-1;-1;-1;;TrotbetHindiaMountains
17436;17412;impassable;-1;-1;-1;-1;-1;;TrotbetHindiaMountains
17426;17412;impassable;-1;-1;-1;-1;-1;;TrotbetHindiaMountains
17426;17405;impassable;-1;-1;-1;-1;-1;;TrotbetHindiaMountains

17336;17305;impassable;-1;-1;-1;-1;-1;;HindiaGazelleiaMountains
17336;17317;impassable;-1;-1;-1;-1;-1;;HindiaGazelleiaMountains
17348;17317;impassable;-1;-1;-1;-1;-1;;HindiaGazelleiaMountains
17348;17329;impassable;-1;-1;-1;-1;-1;;HindiaGazelleiaMountains
17358;17329;impassable;-1;-1;-1;-1;-1;;HindiaGazelleiaMountains

17358;17352;impassable;-1;-1;-1;-1;-1;;HindiaOryxiaMountains
17358;17381;impassable;-1;-1;-1;-1;-1;;HindiaOryxiaMountains
17387;17381;impassable;-1;-1;-1;-1;-1;;HindiaOryxiaMountains
17387;17410;impassable;-1;-1;-1;-1;-1;;HindiaOryxiaMountains
17410;17418;impassable;-1;-1;-1;-1;-1;;HindiaOryxiaMountains

17433;17418;impassable;-1;-1;-1;-1;-1;;HindiaSambarMountains
17441;17418;impassable;-1;-1;-1;-1;-1;;HindiaSambarMountains
17441;17429;impassable;-1;-1;-1;-1;-1;;HindiaSambarMountains
17441;17453;impassable;-1;-1;-1;-1;-1;;HindiaSambarMountains
17468;17453;impassable;-1;-1;-1;-1;-1;;HindiaSambarMountains
17468;17479;impassable;-1;-1;-1;-1;-1;;HindiaSambarMountains
17508;17479;impassable;-1;-1;-1;-1;-1;;HindiaSambarMountains
17508;17505;impassable;-1;-1;-1;-1;-1;;HindiaSambarMountains
17508;17505;impassable;-1;-1;-1;-1;-1;;HindiaSambarMountains
17508;18085;impassable;-1;-1;-1;-1;-1;;HindiaSambarMountains
17533;18085;impassable;-1;-1;-1;-1;-1;;HindiaSambarMountains
17542;18085;impassable;-1;-1;-1;-1;-1;;HindiaSambarMountains
17542;20618;impassable;-1;-1;-1;-1;-1;;HindiaSambarMountains
17557;20618;impassable;-1;-1;-1;-1;-1;;HindiaSambarMountains
17557;20616;impassable;-1;-1;-1;-1;-1;;HindiaSambarMountains

17483;17503;impassable;-1;-1;-1;-1;-1;;StagpalLlambetMountains
17483;17489;impassable;-1;-1;-1;-1;-1;;StagpalLlambetMountains
17473;17489;impassable;-1;-1;-1;-1;-1;;StagpalLlambetMountains
17473;17478;impassable;-1;-1;-1;-1;-1;;StagpalLlambetMountains
17458;17478;impassable;-1;-1;-1;-1;-1;;StagpalLlambetMountains
17458;17467;impassable;-1;-1;-1;-1;-1;;StagpalLlambetMountains
17447;17467;impassable;-1;-1;-1;-1;-1;;StagpalLlambetMountains
17431;17467;impassable;-1;-1;-1;-1;-1;;StagpalLlambetMountains
17431;17454;impassable;-1;-1;-1;-1;-1;;StagpalLlambetMountains
17421;17454;impassable;-1;-1;-1;-1;-1;;StagpalLlambetMountains
17421;17440;impassable;-1;-1;-1;-1;-1;;StagpalLlambetMountains
17440;17407;impassable;-1;-1;-1;-1;-1;;StagpalLlambetMountains
17435;17407;impassable;-1;-1;-1;-1;-1;;StagpalLlambetMountains
17435;17400;impassable;-1;-1;-1;-1;-1;;StagpalLlambetMountains

18847;18865;impassable;-1;-1;-1;-1;-1;;MacawiaMountains
18847;18855;impassable;-1;-1;-1;-1;-1;;MacawiaMountains
18847;18841;impassable;-1;-1;-1;-1;-1;;MacawiaMountains
18835;18845;impassable;-1;-1;-1;-1;-1;;MacawiaMountains
18841;18845;impassable;-1;-1;-1;-1;-1;;MacawiaMountains
18835;18836;impassable;-1;-1;-1;-1;-1;;MacawiaMountains

18840;18827;impassable;-1;-1;-1;-1;-1;;MacawiaMountains
18840;18853;impassable;-1;-1;-1;-1;-1;;MacawiaMountains
18852;18853;impassable;-1;-1;-1;-1;-1;;MacawiaMountains
18850;18853;impassable;-1;-1;-1;-1;-1;;MacawiaMountains

18794;18803;impassable;-1;-1;-1;-1;-1;;MacawiaMountains
18809;18803;impassable;-1;-1;-1;-1;-1;;MacawiaMountains
18809;18798;impassable;-1;-1;-1;-1;-1;;MacawiaMountains
18809;18789;impassable;-1;-1;-1;-1;-1;;MacawiaMountains
18801;18789;impassable;-1;-1;-1;-1;-1;;MacawiaMountains
18801;18787;impassable;-1;-1;-1;-1;-1;;MacawiaMountains
18786;18793;impassable;-1;-1;-1;-1;-1;;MacawiaMountains
18790;18793;impassable;-1;-1;-1;-1;-1;;MacawiaMountains
18790;18797;impassable;-1;-1;-1;-1;-1;;MacawiaMountains
18791;18797;impassable;-1;-1;-1;-1;-1;;MacawiaMountains
18791;18805;impassable;-1;-1;-1;-1;-1;;MacawiaMountains
18795;18805;impassable;-1;-1;-1;-1;-1;;MacawiaMountains
18796;18805;impassable;-1;-1;-1;-1;-1;;MacawiaMountains
18806;18805;impassable;-1;-1;-1;-1;-1;;MacawiaMountains
18806;18808;impassable;-1;-1;-1;-1;-1;;MacawiaMountains
18806;18815;impassable;-1;-1;-1;-1;-1;;MacawiaMountains
18810;18815;impassable;-1;-1;-1;-1;-1;;MacawiaMountains
18811;18815;impassable;-1;-1;-1;-1;-1;;MacawiaMountains
18800;18815;impassable;-1;-1;-1;-1;-1;;MacawiaMountains
18800;18823;impassable;-1;-1;-1;-1;-1;;MacawiaMountains
18825;18823;impassable;-1;-1;-1;-1;-1;;MacawiaMountains
18839;18823;impassable;-1;-1;-1;-1;-1;;MacawiaMountains
18839;18838;impassable;-1;-1;-1;-1;-1;;MacawiaMountains

18691;19906;impassable;-1;-1;-1;-1;-1;;MountAris
19910;19906;impassable;-1;-1;-1;-1;-1;;MountAris
19910;18696;impassable;-1;-1;-1;-1;-1;;MountAris
5278;18696;impassable;-1;-1;-1;-1;-1;;MountAris
5278;18699;impassable;-1;-1;-1;-1;-1;;MountAris
5278;18724;impassable;-1;-1;-1;-1;-1;;MountAris

20505;20494;impassable;-1;-1;-1;-1;-1;;KirinMountains
20505;20484;impassable;-1;-1;-1;-1;-1;;KirinMountains
20505;20490;impassable;-1;-1;-1;-1;-1;;KirinMountains
20512;20490;impassable;-1;-1;-1;-1;-1;;KirinMountains

20458;20451;impassable;-1;-1;-1;-1;-1;;KirinMountains
20433;20451;impassable;-1;-1;-1;-1;-1;;KirinMountains
20433;20434;impassable;-1;-1;-1;-1;-1;;KirinMountains
20410;20434;impassable;-1;-1;-1;-1;-1;;KirinMountains
20410;20408;impassable;-1;-1;-1;-1;-1;;KirinMountains
20410;20384;impassable;-1;-1;-1;-1;-1;;KirinMountains
20395;20384;impassable;-1;-1;-1;-1;-1;;KirinMountains
20395;20372;impassable;-1;-1;-1;-1;-1;;KirinMountains

9014;8966;impassable;-1;-1;-1;-1;-1;;KirinMountains
9014;8990;impassable;-1;-1;-1;-1;-1;;KirinMountains
10166;8990;impassable;-1;-1;-1;-1;-1;;KirinMountains
10166;10234;impassable;-1;-1;-1;-1;-1;;KirinMountains
11011;10234;impassable;-1;-1;-1;-1;-1;;KirinMountains

8986;9091;impassable;-1;-1;-1;-1;-1;;KirinMountains

17147;17151;impassable;-1;-1;-1;-1;-1;;TalonsvaalMountains
17146;17151;impassable;-1;-1;-1;-1;-1;;TalonsvaalMountains
17178;17151;impassable;-1;-1;-1;-1;-1;;TalonsvaalMountains
17178;17157;impassable;-1;-1;-1;-1;-1;;TalonsvaalMountains

17136;17143;impassable;-1;-1;-1;-1;-1;;TalonsvaalMountains
17133;17143;impassable;-1;-1;-1;-1;-1;;TalonsvaalMountains
17133;17142;impassable;-1;-1;-1;-1;-1;;TalonsvaalMountains

17128;17123;impassable;-1;-1;-1;-1;-1;;TalonsvaalMountains
17108;17123;impassable;-1;-1;-1;-1;-1;;TalonsvaalMountains
17108;19902;impassable;-1;-1;-1;-1;-1;;TalonsvaalMountains

17088;17094;impassable;-1;-1;-1;-1;-1;;TalonsvaalMountains
17088;17079;impassable;-1;-1;-1;-1;-1;;TalonsvaalMountains
17073;17087;impassable;-1;-1;-1;-1;-1;;TalonsvaalMountains
17073;17071;impassable;-1;-1;-1;-1;-1;;TalonsvaalMountains

17036;17027;impassable;-1;-1;-1;-1;-1;;CamelMountains
17036;17016;impassable;-1;-1;-1;-1;-1;;CamelMountains
17030;17016;impassable;-1;-1;-1;-1;-1;;CamelMountains
17030;17014;impassable;-1;-1;-1;-1;-1;;CamelMountains
17026;17014;impassable;-1;-1;-1;-1;-1;;CamelMountains
17026;17018;impassable;-1;-1;-1;-1;-1;;CamelMountains
17001;7282;impassable;-1;-1;-1;-1;-1;;CamelMountains
17001;17012;impassable;-1;-1;-1;-1;-1;;CamelMountains
17001;16993;impassable;-1;-1;-1;-1;-1;;CamelMountains
16981;16993;impassable;-1;-1;-1;-1;-1;;CamelMountains
16961;16993;impassable;-1;-1;-1;-1;-1;;CamelMountains
16961;8584;impassable;-1;-1;-1;-1;-1;;CamelMountains
16961;20159;impassable;-1;-1;-1;-1;-1;;CamelMountains
16968;16956;impassable;-1;-1;-1;-1;-1;;CamelMountains
16956;16949;impassable;-1;-1;-1;-1;-1;;CamelMountains
20151;16967;impassable;-1;-1;-1;-1;-1;;CamelMountains
16983;16967;impassable;-1;-1;-1;-1;-1;;CamelMountains
16983;16971;impassable;-1;-1;-1;-1;-1;;CamelMountains
16992;16971;impassable;-1;-1;-1;-1;-1;;CamelMountains
16992;19793;impassable;-1;-1;-1;-1;-1;;CamelMountains
16992;20166;impassable;-1;-1;-1;-1;-1;;CamelMountains
17002;20166;impassable;-1;-1;-1;-1;-1;;CamelMountains

15997;15983;impassable;-1;-1;-1;-1;-1;;SoutheastMountains
15974;15983;impassable;-1;-1;-1;-1;-1;;SoutheastMountains
15974;15964;impassable;-1;-1;-1;-1;-1;;SoutheastMountains
15934;15964;impassable;-1;-1;-1;-1;-1;;SoutheastMountains
15934;15933;impassable;-1;-1;-1;-1;-1;;SoutheastMountains
15934;15921;impassable;-1;-1;-1;-1;-1;;SoutheastMountains
15934;15925;impassable;-1;-1;-1;-1;-1;;SoutheastMountains
15934;15922;impassable;-1;-1;-1;-1;-1;;SoutheastMountains
15934;15932;impassable;-1;-1;-1;-1;-1;;SoutheastMountains
15945;15932;impassable;-1;-1;-1;-1;-1;;SoutheastMountains
15945;15926;impassable;-1;-1;-1;-1;-1;;SoutheastMountains
15945;15935;impassable;-1;-1;-1;-1;-1;;SoutheastMountains
15952;15935;impassable;-1;-1;-1;-1;-1;;SoutheastMountains

15948;15931;impassable;-1;-1;-1;-1;-1;;SoutheastMountains
15948;15930;impassable;-1;-1;-1;-1;-1;;SoutheastMountains
15949;15930;impassable;-1;-1;-1;-1;-1;;SoutheastMountains
15949;15950;impassable;-1;-1;-1;-1;-1;;SoutheastMountains
15959;15950;impassable;-1;-1;-1;-1;-1;;SoutheastMountains
15965;15950;impassable;-1;-1;-1;-1;-1;;SoutheastMountains
15965;15939;impassable;-1;-1;-1;-1;-1;;SoutheastMountains
15940;15939;impassable;-1;-1;-1;-1;-1;;SoutheastMountains
15940;15928;impassable;-1;-1;-1;-1;-1;;SoutheastMountains
15939;15966;impassable;-1;-1;-1;-1;-1;;SoutheastMountains

16936;16949;impassable;-1;-1;-1;-1;-1;;GargoyleMountains
16936;16931;impassable;-1;-1;-1;-1;-1;;GargoyleMountains
16928;16931;impassable;-1;-1;-1;-1;-1;;GargoyleMountains
16928;16921;impassable;-1;-1;-1;-1;-1;;GargoyleMountains

16905;16914;impassable;-1;-1;-1;-1;-1;;GargoyleMountains
16905;16911;impassable;-1;-1;-1;-1;-1;;GargoyleMountains
16901;16911;impassable;-1;-1;-1;-1;-1;;GargoyleMountains
16901;16906;impassable;-1;-1;-1;-1;-1;;GargoyleMountains
16901;16902;impassable;-1;-1;-1;-1;-1;;GargoyleMountains
16901;16899;impassable;-1;-1;-1;-1;-1;;GargoyleMountains
16897;16899;impassable;-1;-1;-1;-1;-1;;GargoyleMountains
16897;16892;impassable;-1;-1;-1;-1;-1;;GargoyleMountains
16894;16892;impassable;-1;-1;-1;-1;-1;;GargoyleMountains

16885;16883;impassable;-1;-1;-1;-1;-1;;GargoyleMountains
16885;19639;impassable;-1;-1;-1;-1;-1;;GargoyleMountains
16882;19639;impassable;-1;-1;-1;-1;-1;;GargoyleMountains
16882;19616;impassable;-1;-1;-1;-1;-1;;GargoyleMountains
19646;19616;impassable;-1;-1;-1;-1;-1;;GargoyleMountains

7409;7333;impassable;-1;-1;-1;-1;-1;;HyenaMountains
10954;7333;impassable;-1;-1;-1;-1;-1;;HyenaMountains
10974;7333;impassable;-1;-1;-1;-1;-1;;HyenaMountains
10974;19404;impassable;-1;-1;-1;-1;-1;;HyenaMountains
10974;19399;impassable;-1;-1;-1;-1;-1;;HyenaMountains
12123;19399;impassable;-1;-1;-1;-1;-1;;HyenaMountains
12123;12428;impassable;-1;-1;-1;-1;-1;;HyenaMountains
15326;12428;impassable;-1;-1;-1;-1;-1;;HyenaMountains
15326;15335;impassable;-1;-1;-1;-1;-1;;HyenaMountains
10954;10974;impassable;-1;-1;-1;-1;-1;;HyenaMountains
10954;15340;impassable;-1;-1;-1;-1;-1;;HyenaMountains
12931;15340;impassable;-1;-1;-1;-1;-1;;HyenaMountains
15315;15340;impassable;-1;-1;-1;-1;-1;;HyenaMountains
15315;15321;impassable;-1;-1;-1;-1;-1;;HyenaMountains
15315;15290;impassable;-1;-1;-1;-1;-1;;HyenaMountains
15293;15290;impassable;-1;-1;-1;-1;-1;;HyenaMountains

15296;19343;impassable;-1;-1;-1;-1;-1;;HyenaMountains
15288;19343;impassable;-1;-1;-1;-1;-1;;HyenaMountains
15288;19335;impassable;-1;-1;-1;-1;-1;;HyenaMountains
15286;19335;impassable;-1;-1;-1;-1;-1;;HyenaMountains
15286;19334;impassable;-1;-1;-1;-1;-1;;HyenaMountains
15286;19332;impassable;-1;-1;-1;-1;-1;;HyenaMountains
15284;19332;impassable;-1;-1;-1;-1;-1;;HyenaMountains
15284;15289;impassable;-1;-1;-1;-1;-1;;HyenaMountains
15276;15289;impassable;-1;-1;-1;-1;-1;;HyenaMountains
15276;15283;impassable;-1;-1;-1;-1;-1;;HyenaMountains
15271;15283;impassable;-1;-1;-1;-1;-1;;HyenaMountains
15271;15280;impassable;-1;-1;-1;-1;-1;;HyenaMountains
15261;15280;impassable;-1;-1;-1;-1;-1;;HyenaMountains
15261;15268;impassable;-1;-1;-1;-1;-1;;HyenaMountains
15243;15268;impassable;-1;-1;-1;-1;-1;;HyenaMountains
15243;15246;impassable;-1;-1;-1;-1;-1;;HyenaMountains
15243;15232;impassable;-1;-1;-1;-1;-1;;HyenaMountains

15296;15288;impassable;-1;-1;-1;-1;-1;;HyenaMountains
15296;15263;impassable;-1;-1;-1;-1;-1;;HyenaMountains
15272;15263;impassable;-1;-1;-1;-1;-1;;HyenaMountains
15252;15263;impassable;-1;-1;-1;-1;-1;;HyenaMountains
15252;15238;impassable;-1;-1;-1;-1;-1;;HyenaMountains
15252;15226;impassable;-1;-1;-1;-1;-1;;HyenaMountains
15240;15226;impassable;-1;-1;-1;-1;-1;;HyenaMountains
15240;15224;impassable;-1;-1;-1;-1;-1;;HyenaMountains
15222;15224;impassable;-1;-1;-1;-1;-1;;HyenaMountains
15222;15191;impassable;-1;-1;-1;-1;-1;;HyenaMountains

15227;15208;impassable;-1;-1;-1;-1;-1;;HyenaMountains
15227;15219;impassable;-1;-1;-1;-1;-1;;HyenaMountains
15241;15219;impassable;-1;-1;-1;-1;-1;;HyenaMountains
15241;15247;impassable;-1;-1;-1;-1;-1;;HyenaMountains

15170;15195;impassable;-1;-1;-1;-1;-1;;StormMountains
15170;15178;impassable;-1;-1;-1;-1;-1;;StormMountains
15164;15178;impassable;-1;-1;-1;-1;-1;;StormMountains
15164;15181;impassable;-1;-1;-1;-1;-1;;StormMountains
15169;15181;impassable;-1;-1;-1;-1;-1;;StormMountains
15169;15167;impassable;-1;-1;-1;-1;-1;;StormMountains
15156;15167;impassable;-1;-1;-1;-1;-1;;StormMountains
15156;15162;impassable;-1;-1;-1;-1;-1;;StormMountains
15154;15162;impassable;-1;-1;-1;-1;-1;;StormMountains
15154;15155;impassable;-1;-1;-1;-1;-1;;StormMountains
15150;15155;impassable;-1;-1;-1;-1;-1;;StormMountains
15149;15155;impassable;-1;-1;-1;-1;-1;;StormMountains
15152;15155;impassable;-1;-1;-1;-1;-1;;StormMountains
15152;15159;impassable;-1;-1;-1;-1;-1;;StormMountains
15152;15158;impassable;-1;-1;-1;-1;-1;;StormMountains
15151;15158;impassable;-1;-1;-1;-1;-1;;StormMountains
15151;15165;impassable;-1;-1;-1;-1;-1;;StormMountains
15153;15165;impassable;-1;-1;-1;-1;-1;;StormMountains

20067;20057;impassable;-1;-1;-1;-1;-1;;StormMountains
20062;20057;impassable;-1;-1;-1;-1;-1;;StormMountains
20062;20051;impassable;-1;-1;-1;-1;-1;;StormMountains
20056;20051;impassable;-1;-1;-1;-1;-1;;StormMountains
20056;20049;impassable;-1;-1;-1;-1;-1;;StormMountains
20058;20049;impassable;-1;-1;-1;-1;-1;;StormMountains
20052;20049;impassable;-1;-1;-1;-1;-1;;StormMountains
20052;20046;impassable;-1;-1;-1;-1;-1;;StormMountains
20307;20046;impassable;-1;-1;-1;-1;-1;;StormMountains
20307;20043;impassable;-1;-1;-1;-1;-1;;StormMountains

14310;14294;impassable;-1;-1;-1;-1;-1;;KarkadMountains
14310;14298;impassable;-1;-1;-1;-1;-1;;KarkadMountains
14317;14298;impassable;-1;-1;-1;-1;-1;;KarkadMountains
14317;14304;impassable;-1;-1;-1;-1;-1;;KarkadMountains
14319;14304;impassable;-1;-1;-1;-1;-1;;KarkadMountains
14319;14309;impassable;-1;-1;-1;-1;-1;;KarkadMountains
14314;14309;impassable;-1;-1;-1;-1;-1;;KarkadMountains
14308;14309;impassable;-1;-1;-1;-1;-1;;KarkadMountains
14308;14289;impassable;-1;-1;-1;-1;-1;;KarkadMountains
14308;14292;impassable;-1;-1;-1;-1;-1;;KarkadMountains
14308;14297;impassable;-1;-1;-1;-1;-1;;KarkadMountains
14312;14297;impassable;-1;-1;-1;-1;-1;;KarkadMountains
14312;14302;impassable;-1;-1;-1;-1;-1;;KarkadMountains
14315;14302;impassable;-1;-1;-1;-1;-1;;KarkadMountains
14315;14300;impassable;-1;-1;-1;-1;-1;;KarkadMountains
14307;14300;impassable;-1;-1;-1;-1;-1;;KarkadMountains
14307;14284;impassable;-1;-1;-1;-1;-1;;KarkadMountains
14283;14284;impassable;-1;-1;-1;-1;-1;;KarkadMountains
14266;14284;impassable;-1;-1;-1;-1;-1;;KarkadMountains

13680;13704;impassable;-1;-1;-1;-1;-1;;HestrayaMountains
13678;13704;impassable;-1;-1;-1;-1;-1;;HestrayaMountains
13678;13707;impassable;-1;-1;-1;-1;-1;;HestrayaMountains
13678;13694;impassable;-1;-1;-1;-1;-1;;HestrayaMountains
13669;13694;impassable;-1;-1;-1;-1;-1;;HestrayaMountains
13677;13694;impassable;-1;-1;-1;-1;-1;;HestrayaMountains
13677;13700;impassable;-1;-1;-1;-1;-1;;HestrayaMountains
13688;13700;impassable;-1;-1;-1;-1;-1;;HestrayaMountains
13688;13703;impassable;-1;-1;-1;-1;-1;;HestrayaMountains

13702;13698;impassable;-1;-1;-1;-1;-1;;HestrayaMountains
13702;13693;impassable;-1;-1;-1;-1;-1;;HestrayaMountains
13701;13693;impassable;-1;-1;-1;-1;-1;;HestrayaMountains
13701;13687;impassable;-1;-1;-1;-1;-1;;HestrayaMountains
13713;13687;impassable;-1;-1;-1;-1;-1;;HestrayaMountains
13706;13687;impassable;-1;-1;-1;-1;-1;;HestrayaMountains
13706;13682;impassable;-1;-1;-1;-1;-1;;HestrayaMountains
13691;13682;impassable;-1;-1;-1;-1;-1;;HestrayaMountains
13691;13658;impassable;-1;-1;-1;-1;-1;;HestrayaMountains
13667;13658;impassable;-1;-1;-1;-1;-1;;HestrayaMountains
13667;13633;impassable;-1;-1;-1;-1;-1;;HestrayaMountains
13655;13633;impassable;-1;-1;-1;-1;-1;;HestrayaMountains
13638;13633;impassable;-1;-1;-1;-1;-1;;HestrayaMountains
13638;13628;impassable;-1;-1;-1;-1;-1;;HestrayaMountains
13645;13628;impassable;-1;-1;-1;-1;-1;;HestrayaMountains
13645;13619;impassable;-1;-1;-1;-1;-1;;HestrayaMountains
13637;13619;impassable;-1;-1;-1;-1;-1;;HestrayaMountains
13532;13622;impassable;-1;-1;-1;-1;-1;;HestrayaMountains
13532;13621;impassable;-1;-1;-1;-1;-1;;HestrayaMountains
13532;13618;impassable;-1;-1;-1;-1;-1;;HestrayaMountains
13529;13618;impassable;-1;-1;-1;-1;-1;;HestrayaMountains
13539;13618;impassable;-1;-1;-1;-1;-1;;HestrayaMountains
13539;13625;impassable;-1;-1;-1;-1;-1;;HestrayaMountains
13533;13546;impassable;-1;-1;-1;-1;-1;;HestrayaMountains
13533;13537;impassable;-1;-1;-1;-1;-1;;HestrayaMountains
13520;13537;impassable;-1;-1;-1;-1;-1;;HestrayaMountains
13520;13528;impassable;-1;-1;-1;-1;-1;;HestrayaMountains
13517;13528;impassable;-1;-1;-1;-1;-1;;HestrayaMountains
13517;13527;impassable;-1;-1;-1;-1;-1;;HestrayaMountains
13454;13527;impassable;-1;-1;-1;-1;-1;;HestrayaMountains
13454;13523;impassable;-1;-1;-1;-1;-1;;HestrayaMountains
13454;13524;impassable;-1;-1;-1;-1;-1;;HestrayaMountains
13453;13524;impassable;-1;-1;-1;-1;-1;;HestrayaMountains
13452;13524;impassable;-1;-1;-1;-1;-1;;HestrayaMountains
13452;13522;impassable;-1;-1;-1;-1;-1;;HestrayaMountains
13452;13451;impassable;-1;-1;-1;-1;-1;;HestrayaMountains
13448;13451;impassable;-1;-1;-1;-1;-1;;HestrayaMountains
13448;13420;impassable;-1;-1;-1;-1;-1;;HestrayaMountains
13438;13443;impassable;-1;-1;-1;-1;-1;;HestrayaMountains
13436;13443;impassable;-1;-1;-1;-1;-1;;HestrayaMountains
13436;13444;impassable;-1;-1;-1;-1;-1;;HestrayaMountains
13436;13440;impassable;-1;-1;-1;-1;-1;;HestrayaMountains
13435;13440;impassable;-1;-1;-1;-1;-1;;HestrayaMountains
13435;13434;impassable;-1;-1;-1;-1;-1;;HestrayaMountains

13532;13619;impassable;-1;-1;-1;-1;-1;;HestrayaMountains
13532;13606;impassable;-1;-1;-1;-1;-1;;HestrayaMountains
13532;13598;impassable;-1;-1;-1;-1;-1;;HestrayaMountains
13519;13598;impassable;-1;-1;-1;-1;-1;;HestrayaMountains
13519;13584;impassable;-1;-1;-1;-1;-1;;HestrayaMountains
13519;13506;impassable;-1;-1;-1;-1;-1;;HestrayaMountains
13511;13506;impassable;-1;-1;-1;-1;-1;;HestrayaMountains
13511;13501;impassable;-1;-1;-1;-1;-1;;HestrayaMountains
13512;13501;impassable;-1;-1;-1;-1;-1;;HestrayaMountains
13503;13501;impassable;-1;-1;-1;-1;-1;;HestrayaMountains
13503;13493;impassable;-1;-1;-1;-1;-1;;HestrayaMountains
13492;13493;impassable;-1;-1;-1;-1;-1;;HestrayaMountains

13701;13713;impassable;-1;-1;-1;-1;-1;;HestrayaMountains
13701;13726;impassable;-1;-1;-1;-1;-1;;HestrayaMountains
13721;13726;impassable;-1;-1;-1;-1;-1;;HestrayaMountains

14323;14338;impassable;-1;-1;-1;-1;-1;;RiseiaMountains
14331;14338;impassable;-1;-1;-1;-1;-1;;RiseiaMountains
14331;14346;impassable;-1;-1;-1;-1;-1;;RiseiaMountains
14330;14346;impassable;-1;-1;-1;-1;-1;;RiseiaMountains
14340;14346;impassable;-1;-1;-1;-1;-1;;RiseiaMountains
14340;14360;impassable;-1;-1;-1;-1;-1;;RiseiaMountains
14352;14360;impassable;-1;-1;-1;-1;-1;;RiseiaMountains
14352;14359;impassable;-1;-1;-1;-1;-1;;RiseiaMountains
14339;14359;impassable;-1;-1;-1;-1;-1;;RiseiaMountains
14350;14359;impassable;-1;-1;-1;-1;-1;;RiseiaMountains

14351;14358;impassable;-1;-1;-1;-1;-1;;RiseiaMountains
14343;14358;impassable;-1;-1;-1;-1;-1;;RiseiaMountains
14343;14368;impassable;-1;-1;-1;-1;-1;;RiseiaMountains
14345;14368;impassable;-1;-1;-1;-1;-1;;RiseiaMountains
14345;14363;impassable;-1;-1;-1;-1;-1;;RiseiaMountains
14355;14363;impassable;-1;-1;-1;-1;-1;;RiseiaMountains
14355;14367;impassable;-1;-1;-1;-1;-1;;RiseiaMountains
14356;14367;impassable;-1;-1;-1;-1;-1;;RiseiaMountains
14348;14367;impassable;-1;-1;-1;-1;-1;;RiseiaMountains
14348;14371;impassable;-1;-1;-1;-1;-1;;RiseiaMountains
14348;14365;impassable;-1;-1;-1;-1;-1;;RiseiaMountains
14347;14365;impassable;-1;-1;-1;-1;-1;;RiseiaMountains

14474;14467;impassable;-1;-1;-1;-1;-1;;RiseiaMountains
14477;14467;impassable;-1;-1;-1;-1;-1;;RiseiaMountains
14477;14470;impassable;-1;-1;-1;-1;-1;;RiseiaMountains
14483;14470;impassable;-1;-1;-1;-1;-1;;RiseiaMountains

15856;15868;impassable;-1;-1;-1;-1;-1;;AbyssinianMountains
15860;15868;impassable;-1;-1;-1;-1;-1;;AbyssinianMountains
15860;15872;impassable;-1;-1;-1;-1;-1;;AbyssinianMountains
15866;15872;impassable;-1;-1;-1;-1;-1;;AbyssinianMountains
15866;15877;impassable;-1;-1;-1;-1;-1;;AbyssinianMountains
15870;15877;impassable;-1;-1;-1;-1;-1;;AbyssinianMountains

15889;15894;impassable;-1;-1;-1;-1;-1;;AbyssinianMountains
15889;15890;impassable;-1;-1;-1;-1;-1;;AbyssinianMountains
15884;15890;impassable;-1;-1;-1;-1;-1;;AbyssinianMountains
15884;15886;impassable;-1;-1;-1;-1;-1;;AbyssinianMountains
15884;15878;impassable;-1;-1;-1;-1;-1;;AbyssinianMountains
15880;15878;impassable;-1;-1;-1;-1;-1;;AbyssinianMountains

15864;15859;impassable;-1;-1;-1;-1;-1;;AbyssinianMountains
15864;15846;impassable;-1;-1;-1;-1;-1;;AbyssinianMountains
15857;15846;impassable;-1;-1;-1;-1;-1;;AbyssinianMountains
15845;15857;impassable;-1;-1;-1;-1;-1;;AbyssinianMountains
15845;15848;impassable;-1;-1;-1;-1;-1;;AbyssinianMountains

15727;15733;impassable;-1;-1;-1;-1;-1;;AbyssinianMountains
15727;15742;impassable;-1;-1;-1;-1;-1;;AbyssinianMountains
15734;15742;impassable;-1;-1;-1;-1;-1;;AbyssinianMountains
15734;15749;impassable;-1;-1;-1;-1;-1;;AbyssinianMountains
15748;15749;impassable;-1;-1;-1;-1;-1;;AbyssinianMountains
15748;15762;impassable;-1;-1;-1;-1;-1;;AbyssinianMountains
15763;15762;impassable;-1;-1;-1;-1;-1;;AbyssinianMountains
15775;15762;impassable;-1;-1;-1;-1;-1;;AbyssinianMountains
15775;15779;impassable;-1;-1;-1;-1;-1;;AbyssinianMountains
15775;15786;impassable;-1;-1;-1;-1;-1;;AbyssinianMountains


15137;15119;impassable;-1;-1;-1;-1;-1;;SaddleMountains
15131;15119;impassable;-1;-1;-1;-1;-1;;SaddleMountains
15131;15115;impassable;-1;-1;-1;-1;-1;;SaddleMountains
15131;15115;impassable;-1;-1;-1;-1;-1;;SaddleMountains
15124;15115;impassable;-1;-1;-1;-1;-1;;SaddleMountains
15124;15111;impassable;-1;-1;-1;-1;-1;;SaddleMountains
15124;8141;impassable;-1;-1;-1;-1;-1;;SaddleMountains
15128;8141;impassable;-1;-1;-1;-1;-1;;SaddleMountains

15101;15114;impassable;-1;-1;-1;-1;-1;;SaddleMountains
15087;15114;impassable;-1;-1;-1;-1;-1;;SaddleMountains
15103;15114;impassable;-1;-1;-1;-1;-1;;SaddleMountains

15130;15118;impassable;-1;-1;-1;-1;-1;;SaddleMountains
15129;15118;impassable;-1;-1;-1;-1;-1;;SaddleMountains
15125;15118;impassable;-1;-1;-1;-1;-1;;SaddleMountains
15120;15118;impassable;-1;-1;-1;-1;-1;;SaddleMountains

15081;15089;impassable;-1;-1;-1;-1;-1;;SaddleMountains
15067;15089;impassable;-1;-1;-1;-1;-1;;SaddleMountains
15067;15076;impassable;-1;-1;-1;-1;-1;;SaddleMountains
15043;15076;impassable;-1;-1;-1;-1;-1;;SaddleMountains
15043;15049;impassable;-1;-1;-1;-1;-1;;SaddleMountains
15026;15043;impassable;-1;-1;-1;-1;-1;;SaddleMountains
15026;15002;impassable;-1;-1;-1;-1;-1;;SaddleMountains

14976;15021;impassable;-1;-1;-1;-1;-1;;SaddleMountains
14976;15017;impassable;-1;-1;-1;-1;-1;;SaddleMountains
14982;15017;impassable;-1;-1;-1;-1;-1;;SaddleMountains
14982;14993;impassable;-1;-1;-1;-1;-1;;SaddleMountains
14968;14993;impassable;-1;-1;-1;-1;-1;;SaddleMountains
14968;14975;impassable;-1;-1;-1;-1;-1;;SaddleMountains

14907;14899;impassable;-1;-1;-1;-1;-1;;SaddleMountains
14907;6684;impassable;-1;-1;-1;-1;-1;;SaddleMountains
14896;6684;impassable;-1;-1;-1;-1;-1;;SaddleMountains
14888;6684;impassable;-1;-1;-1;-1;-1;;SaddleMountains
14881;14886;impassable;-1;-1;-1;-1;-1;;SaddleMountains
14894;14881;impassable;-1;-1;-1;-1;-1;;SaddleMountains
14894;6833;impassable;-1;-1;-1;-1;-1;;SaddleMountains
14903;6833;impassable;-1;-1;-1;-1;-1;;SaddleMountains
14903;14880;impassable;-1;-1;-1;-1;-1;;SaddleMountains

14872;14856;impassable;-1;-1;-1;-1;-1;;SaddleMountains
14857;14856;impassable;-1;-1;-1;-1;-1;;SaddleMountains
14857;14850;impassable;-1;-1;-1;-1;-1;;SaddleMountains
14840;14850;impassable;-1;-1;-1;-1;-1;;SaddleMountains
14835;14850;impassable;-1;-1;-1;-1;-1;;SaddleMountains
14835;14826;impassable;-1;-1;-1;-1;-1;;SaddleMountains
14814;14826;impassable;-1;-1;-1;-1;-1;;SaddleMountains
14814;14807;impassable;-1;-1;-1;-1;-1;;SaddleMountains
14789;14807;impassable;-1;-1;-1;-1;-1;;SaddleMountains

14655;14684;impassable;-1;-1;-1;-1;-1;;SaddleMountains
14655;14677;impassable;-1;-1;-1;-1;-1;;SaddleMountains
14655;14658;impassable;-1;-1;-1;-1;-1;;SaddleMountains
14634;14658;impassable;-1;-1;-1;-1;-1;;SaddleMountains
14642;14658;impassable;-1;-1;-1;-1;-1;;SaddleMountains
14642;14672;impassable;-1;-1;-1;-1;-1;;SaddleMountains
14650;14672;impassable;-1;-1;-1;-1;-1;;SaddleMountains
14650;14667;impassable;-1;-1;-1;-1;-1;;SaddleMountains
14650;14661;impassable;-1;-1;-1;-1;-1;;SaddleMountains

9455;4403;impassable;-1;-1;-1;-1;-1;;SkynaviaVedinaMountains
9455;10903;impassable;-1;-1;-1;-1;-1;;SkynaviaVedinaMountains
1135;10903;impassable;-1;-1;-1;-1;-1;;SkynaviaVedinaMountains
1135;1918;impassable;-1;-1;-1;-1;-1;;SkynaviaVedinaMountains
10242;1918;impassable;-1;-1;-1;-1;-1;;SkynaviaVedinaMountains
10242;4398;impassable;-1;-1;-1;-1;-1;;SkynaviaVedinaMountains
12636;4296;impassable;-1;-1;-1;-1;-1;;SkynaviaMountains
12593;12636;impassable;-1;-1;-1;-1;-1;;SkynaviaMountains
12593;10656;impassable;-1;-1;-1;-1;-1;;SkynaviaMountains
10656;5016;impassable;-1;-1;-1;-1;-1;;SkynaviaMountains

12603;3769;impassable;-1;-1;-1;-1;-1;;RepublicMountains
12603;12688;impassable;-1;-1;-1;-1;-1;;RepublicMountains
12663;12688;impassable;-1;-1;-1;-1;-1;;RepublicMountains
12663;10587;impassable;-1;-1;-1;-1;-1;;RepublicMountains
7883;10587;impassable;-1;-1;-1;-1;-1;;RepublicMountains
10587;7760;impassable;-1;-1;-1;-1;-1;;RepublicMountains
1848;7760;impassable;-1;-1;-1;-1;-1;;RepublicMountains
4863;7760;impassable;-1;-1;-1;-1;-1;;RepublicMountains
4863;1788;impassable;-1;-1;-1;-1;-1;;RepublicMountains

642;12383;impassable;-1;-1;-1;-1;-1;;SunstrikerMountains
642;7641;impassable;-1;-1;-1;-1;-1;;SunstrikerMountains
9615;7641;impassable;-1;-1;-1;-1;-1;;SunstrikerMountains
9615;12454;impassable;-1;-1;-1;-1;-1;;SunstrikerMountains
7860;12454;impassable;-1;-1;-1;-1;-1;;SunstrikerMountains

10624;1857;impassable;-1;-1;-1;-1;-1;;SunstrikerMountains
7541;1857;impassable;-1;-1;-1;-1;-1;;SunstrikerMountains
7541;10552;impassable;-1;-1;-1;-1;-1;;SunstrikerMountains

3328;10301;impassable;-1;-1;-1;-1;-1;;SunstrikerMountains
3328;3214;impassable;-1;-1;-1;-1;-1;;SunstrikerMountains
3328;11389;impassable;-1;-1;-1;-1;-1;;SunstrikerMountains
6352;403;impassable;-1;-1;-1;-1;-1;;SunstrikerMountains
403;298;impassable;-1;-1;-1;-1;-1;;SunstrikerMountains
403;11389;impassable;-1;-1;-1;-1;-1;;SunstrikerMountains
403;6308;impassable;-1;-1;-1;-1;-1;;SunstrikerMountains

4354;1305;impassable;-1;-1;-1;-1;-1;;SunstrikerMountains
4283;1305;impassable;-1;-1;-1;-1;-1;;SunstrikerMountains
4283;3289;impassable;-1;-1;-1;-1;-1;;SunstrikerMountains

273;291;impassable;-1;-1;-1;-1;-1;;SunstrikerMountains
273;6285;impassable;-1;-1;-1;-1;-1;;SunstrikerMountains
7237;6285;impassable;-1;-1;-1;-1;-1;;SunstrikerMountains
7237;6246;impassable;-1;-1;-1;-1;-1;;SunstrikerMountains

6388;3300;impassable;-1;-1;-1;-1;-1;;SunstrikerMountains
6388;6323;impassable;-1;-1;-1;-1;-1;;SunstrikerMountains

3294;11365;impassable;-1;-1;-1;-1;-1;;SunstrikerMountains
6224;11365;impassable;-1;-1;-1;-1;-1;;SunstrikerMountains

3992;12364;impassable;-1;-1;-1;-1;-1;;BronzeMountains
3992;12349;impassable;-1;-1;-1;-1;-1;;BronzeMountains
10981;12349;impassable;-1;-1;-1;-1;-1;;BronzeMountains
10981;12321;impassable;-1;-1;-1;-1;-1;;BronzeMountains

1254;1210;impassable;-1;-1;-1;-1;-1;;BronzeMountains
4322;1210;impassable;-1;-1;-1;-1;-1;;BronzeMountains
12298;1210;impassable;-1;-1;-1;-1;-1;;BronzeMountains
12298;1378;impassable;-1;-1;-1;-1;-1;;BronzeMountains

12270;4354;impassable;-1;-1;-1;-1;-1;;BronzeMountains
1378;10226;impassable;-1;-1;-1;-1;-1;;BronzeMountains
1378;7300;impassable;-1;-1;-1;-1;-1;;BronzeMountains

4704;12598;impassable;-1;-1;-1;-1;-1;;DiamondMountains
4704;12671;impassable;-1;-1;-1;-1;-1;;DiamondMountains
10839;12671;impassable;-1;-1;-1;-1;-1;;DiamondMountains

4027;5192;impassable;-1;-1;-1;-1;-1;;DiamondMountains
4843;5192;impassable;-1;-1;-1;-1;-1;;DiamondMountains

9206;3017;impassable;-1;-1;-1;-1;-1;;NovaGriffonianMountains
9206;3103;impassable;-1;-1;-1;-1;-1;;NovaGriffonianMountains
9100;3103;impassable;-1;-1;-1;-1;-1;;NovaGriffonianMountains
9100;3167;impassable;-1;-1;-1;-1;-1;;NovaGriffonianMountains
9100;9180;impassable;-1;-1;-1;-1;-1;;NovaGriffonianMountains
13107;9180;impassable;-1;-1;-1;-1;-1;;NovaGriffonianMountains
13107;6191;impassable;-1;-1;-1;-1;-1;;NovaGriffonianMountains
13107;13106;impassable;-1;-1;-1;-1;-1;;NovaGriffonianMountains
3290;13106;impassable;-1;-1;-1;-1;-1;;NovaGriffonianMountains

11439;11461;impassable;-1;-1;-1;-1;-1;;NovaGriffonianMountains
9479;11461;impassable;-1;-1;-1;-1;-1;;NovaGriffonianMountains
9479;3531;impassable;-1;-1;-1;-1;-1;;NovaGriffonianMountains

11248;11207;impassable;-1;-1;-1;-1;-1;;CrystalMountains
11248;6315;impassable;-1;-1;-1;-1;-1;;CrystalMountains
9653;6315;impassable;-1;-1;-1;-1;-1;;CrystalMountains
9653;246;impassable;-1;-1;-1;-1;-1;;CrystalMountains
9653;9367;impassable;-1;-1;-1;-1;-1;;CrystalMountains

695;9654;impassable;-1;-1;-1;-1;-1;;CrystalMountains
695;11637;impassable;-1;-1;-1;-1;-1;;CrystalMountains
695;9684;impassable;-1;-1;-1;-1;-1;;CrystalMountains
6769;9684;impassable;-1;-1;-1;-1;-1;;CrystalMountains
691;4601;impassable;-1;-1;-1;-1;-1;;CrystalMountains
691;9775;impassable;-1;-1;-1;-1;-1;;CrystalMountains

6696;11394;impassable;-1;-1;-1;-1;-1;;CrystalYakMountains
6696;9344;impassable;-1;-1;-1;-1;-1;;CrystalYakMountains
11277;9344;impassable;-1;-1;-1;-1;-1;;CrystalYakMountains
3285;9344;impassable;-1;-1;-1;-1;-1;;CrystalYakMountains
3285;3371;impassable;-1;-1;-1;-1;-1;;CrystalYakMountains
11309;3371;impassable;-1;-1;-1;-1;-1;;CrystalYakMountains
11309;11324;impassable;-1;-1;-1;-1;-1;;CrystalYakMountains
11656;11324;impassable;-1;-1;-1;-1;-1;;CrystalYakMountains

11685;4540;impassable;-1;-1;-1;-1;-1;;CrystalYakMountains
11685;7615;impassable;-1;-1;-1;-1;-1;;CrystalYakMountains

926;13101;impassable;-1;-1;-1;-1;-1;;PolarBearYakMountains
10526;6322;impassable;-1;-1;-1;-1;-1;;PolarBearYakMountains
10526;926;impassable;-1;-1;-1;-1;-1;;PolarBearYakMountains

720;11635;impassable;-1;-1;-1;-1;-1;;YakMountains
954;12697;impassable;-1;-1;-1;-1;-1;;YakMountains
4508;12697;impassable;-1;-1;-1;-1;-1;;YakMountains
4508;954;impassable;-1;-1;-1;-1;-1;;YakMountains
4508;1604;impassable;-1;-1;-1;-1;-1;;YakMountains
720;1604;impassable;-1;-1;-1;-1;-1;;YakMountains
6273;11204;impassable;-1;-1;-1;-1;-1;;YakMountains
6273;11621;impassable;-1;-1;-1;-1;-1;;YakMountains
11635;11621;impassable;-1;-1;-1;-1;-1;;YakMountains
10484;11296;impassable;-1;-1;-1;-1;-1;;YakMountains
471;11296;impassable;-1;-1;-1;-1;-1;;YakMountains

9556;3131;impassable;-1;-1;-1;-1;-1;;PenguinMountains
9556;13108;impassable;-1;-1;-1;-1;-1;;PenguinMountains
9104;13108;impassable;-1;-1;-1;-1;-1;;PenguinMountains
13112;13108;impassable;-1;-1;-1;-1;-1;;PenguinMountains
13112;37;impassable;-1;-1;-1;-1;-1;;PenguinMountains

6172;90;impassable;-1;-1;-1;-1;-1;;PenguinMountains
13114;90;impassable;-1;-1;-1;-1;-1;;PenguinMountains
13114;3084;impassable;-1;-1;-1;-1;-1;;PenguinMountains
6156;3084;impassable;-1;-1;-1;-1;-1;;PenguinMountains
6156;3068;impassable;-1;-1;-1;-1;-1;;PenguinMountains

9169;12024;impassable;-1;-1;-1;-1;-1;;PenguinMountains
193;12024;impassable;-1;-1;-1;-1;-1;;PenguinMountains
193;6057;impassable;-1;-1;-1;-1;-1;;PenguinMountains
152;6057;impassable;-1;-1;-1;-1;-1;;PenguinMountains

11191;9060;impassable;-1;-1;-1;-1;-1;;PenguinMountains
6086;9060;impassable;-1;-1;-1;-1;-1;;PenguinMountains
3110;9060;impassable;-1;-1;-1;-1;-1;;PenguinMountains
3110;7379;impassable;-1;-1;-1;-1;-1;;PenguinMountains
3140;7379;impassable;-1;-1;-1;-1;-1;;PenguinMountains
3140;4362;impassable;-1;-1;-1;-1;-1;;PenguinMountains
7899;4362;impassable;-1;-1;-1;-1;-1;;PenguinMountains
7899;6767;impassable;-1;-1;-1;-1;-1;;PenguinMountains

57;13161;impassable;-1;-1;-1;-1;-1;;PenguinMountains
12291;13161;impassable;-1;-1;-1;-1;-1;;PenguinMountains

7539;1586;impassable;-1;-1;-1;-1;-1;;ChangelingMountains
12365;7539;impassable;-1;-1;-1;-1;-1;;ChangelingMountains
10478;7539;impassable;-1;-1;-1;-1;-1;;ChangelingMountains

4664;4807;impassable;-1;-1;-1;-1;-1;;ChangelingMountains
4664;10341;impassable;-1;-1;-1;-1;-1;;ChangelingMountains
12357;10341;impassable;-1;-1;-1;-1;-1;;ChangelingMountains

6078;3125;impassable;-1;-1;-1;-1;-1;;ChangelingMountains
11199;3125;impassable;-1;-1;-1;-1;-1;;ChangelingMountains
11199;7;impassable;-1;-1;-1;-1;-1;;ChangelingMountains
6098;7;impassable;-1;-1;-1;-1;-1;;ChangelingMountains

13071;12087;impassable;-1;-1;-1;-1;-1;;DragonMountains
13071;11675;impassable;-1;-1;-1;-1;-1;;DragonMountains
13071;11840;impassable;-1;-1;-1;-1;-1;;DragonMountains
13071;6921;impassable;-1;-1;-1;-1;-1;;DragonMountains
13071;724;impassable;-1;-1;-1;-1;-1;;DragonMountains
13071;889;impassable;-1;-1;-1;-1;-1;;DragonMountains

4199;9945;impassable;-1;-1;-1;-1;-1;;DragonMountains
4199;10013;impassable;-1;-1;-1;-1;-1;;DragonMountains
4199;7100;impassable;-1;-1;-1;-1;-1;;DragonMountains

11836;10182;impassable;-1;-1;-1;-1;-1;;SicameonMountains
1014;10182;impassable;-1;-1;-1;-1;-1;;SicameonMountains
1014;12284;impassable;-1;-1;-1;-1;-1;;SicameonMountains
1014;1403;impassable;-1;-1;-1;-1;-1;;SicameonMountains
1014;4412;impassable;-1;-1;-1;-1;-1;;SicameonMountains
12271;4412;impassable;-1;-1;-1;-1;-1;;SicameonMountains
7399;4412;impassable;-1;-1;-1;-1;-1;;SicameonMountains
7399;7427;impassable;-1;-1;-1;-1;-1;;SicameonMountains

10103;9961;impassable;-1;-1;-1;-1;-1;;SicameonMountains
10103;7218;impassable;-1;-1;-1;-1;-1;;SicameonMountains

1157;4119;impassable;-1;-1;-1;-1;-1;;SicameonMountains
1157;12197;impassable;-1;-1;-1;-1;-1;;SicameonMountains
1157;12267;impassable;-1;-1;-1;-1;-1;;SicameonMountains
10158;12267;impassable;-1;-1;-1;-1;-1;;SicameonMountains
10158;7254;impassable;-1;-1;-1;-1;-1;;SicameonMountains
1296;7254;impassable;-1;-1;-1;-1;-1;;SicameonMountains
1296;4275;impassable;-1;-1;-1;-1;-1;;SicameonMountains

7103;4568;impassable;-1;-1;-1;-1;-1;;BlackRockMountains

8045;10668;impassable;-1;-1;-1;-1;-1;;BlackRockMountains
10356;10668;impassable;-1;-1;-1;-1;-1;;BlackRockMountains
10356;8214;impassable;-1;-1;-1;-1;-1;;BlackRockMountains
3995;8214;impassable;-1;-1;-1;-1;-1;;BlackRockMountains

1833;12516;impassable;-1;-1;-1;-1;-1;;BlackRockMountains
1833;12023;impassable;-1;-1;-1;-1;-1;;BlackRockMountains

4528;5231;impassable;-1;-1;-1;-1;-1;;BlackRockMountains
4528;2171;impassable;-1;-1;-1;-1;-1;;BlackRockMountains

2213;4610;impassable;-1;-1;-1;-1;-1;;BlackRockMountains
2213;4839;impassable;-1;-1;-1;-1;-1;;BlackRockMountains

10425;12433;impassable;-1;-1;-1;-1;-1;;BlackRockMountains
10425;4529;impassable;-1;-1;-1;-1;-1;;BlackRockMountains
1502;4529;impassable;-1;-1;-1;-1;-1;;BlackRockMountains

13019;4696;impassable;-1;-1;-1;-1;-1;;GriffonstoneMountains
13019;4584;impassable;-1;-1;-1;-1;-1;;GriffonstoneMountains

10566;5139;impassable;-1;-1;-1;-1;-1;;GriffonstoneMountains
10566;8207;impassable;-1;-1;-1;-1;-1;;GriffonstoneMountains
10566;2207;impassable;-1;-1;-1;-1;-1;;GriffonstoneMountains
5212;2207;impassable;-1;-1;-1;-1;-1;;GriffonstoneMountains
5106;2207;impassable;-1;-1;-1;-1;-1;;GriffonstoneMountains

8178;7192;impassable;-1;-1;-1;-1;-1;;GriffonstoneMountains
8178;7576;impassable;-1;-1;-1;-1;-1;;GriffonstoneMountains

7926;10918;impassable;-1;-1;-1;-1;-1;;TalouseMountains
7926;4900;impassable;-1;-1;-1;-1;-1;;TalouseMountains
2014;4900;impassable;-1;-1;-1;-1;-1;;TalouseMountains
12266;4900;impassable;-1;-1;-1;-1;-1;;TalouseMountains
12266;1331;impassable;-1;-1;-1;-1;-1;;TalouseMountains
12266;1272;impassable;-1;-1;-1;-1;-1;;TalouseMountains

11984;4369;impassable;-1;-1;-1;-1;-1;;TalouseMountains
11984;4964;impassable;-1;-1;-1;-1;-1;;TalouseMountains
12820;4374;impassable;-1;-1;-1;-1;-1;;TalouseMountains
4227;4374;impassable;-1;-1;-1;-1;-1;;TalouseMountains
12820;4303;impassable;-1;-1;-1;-1;-1;;TalouseMountains
12820;11984;impassable;-1;-1;-1;-1;-1;;TalouseMountains

7392;10452;impassable;-1;-1;-1;-1;-1;;TalouseMountains
7392;10275;impassable;-1;-1;-1;-1;-1;;TalouseMountains
10277;10275;impassable;-1;-1;-1;-1;-1;;TalouseMountains

1059;10358;impassable;-1;-1;-1;-1;-1;;BarradMountain
1444;10358;impassable;-1;-1;-1;-1;-1;;BarradMountain
1444;12035;impassable;-1;-1;-1;-1;-1;;BarradMountain

7944;1622;impassable;-1;-1;-1;-1;-1;;BarradMountain
12490;1622;impassable;-1;-1;-1;-1;-1;;BarradMountain

7090;7372;impassable;-1;-1;-1;-1;-1;;BarradMountain
7090;2072;impassable;-1;-1;-1;-1;-1;;BarradMountain
11978;2072;impassable;-1;-1;-1;-1;-1;;BarradMountain

10739;8084;impassable;-1;-1;-1;-1;-1;;AusturlandMountain
10739;5060;impassable;-1;-1;-1;-1;-1;;AusturlandMountain

11785;702;impassable;-1;-1;-1;-1;-1;;OlenianMountains
6869;702;impassable;-1;-1;-1;-1;-1;;OlenianMountains
6869;11799;impassable;-1;-1;-1;-1;-1;;OlenianMountains
862;11799;impassable;-1;-1;-1;-1;-1;;OlenianMountains
862;9804;impassable;-1;-1;-1;-1;-1;;OlenianMountains

9932;11680;impassable;-1;-1;-1;-1;-1;;OlenianMountains
9932;9886;impassable;-1;-1;-1;-1;-1;;OlenianMountains
9932;9868;impassable;-1;-1;-1;-1;-1;;OlenianMountains
9868;9886;impassable;-1;-1;-1;-1;-1;;OlenianMountains

9823;1341;impassable;-1;-1;-1;-1;-1;;OlenianMountains
9823;3778;impassable;-1;-1;-1;-1;-1;;OlenianMountains
9823;10595;impassable;-1;-1;-1;-1;-1;;OlenianMountains
734;9758;impassable;-1;-1;-1;-1;-1;;OlenianMountains
9786;734;impassable;-1;-1;-1;-1;-1;;OlenianMountains
9786;6892;impassable;-1;-1;-1;-1;-1;;OlenianMountains
9758;9664;impassable;-1;-1;-1;-1;-1;;OlenianMountains
11740;6892;impassable;-1;-1;-1;-1;-1;;OlenianMountains

13257;3863;impassable;-1;-1;-1;-1;-1;;OlenianMountains
13257;9804;impassable;-1;-1;-1;-1;-1;;OlenianMountains

3520;3455;impassable;-1;-1;-1;-1;-1;;EquestrianMountains
11462;3455;impassable;-1;-1;-1;-1;-1;;EquestrianMountains

4772;10709;impassable;-1;-1;-1;-1;-1;;EquestrianMountains
4772;12566;impassable;-1;-1;-1;-1;-1;;EquestrianMountains

3719;1836;impassable;-1;-1;-1;-1;-1;;EquestrianMountains
3719;12456;impassable;-1;-1;-1;-1;-1;;EquestrianMountains
10685;12456;impassable;-1;-1;-1;-1;-1;;EquestrianMountains

11874;12456;impassable;-1;-1;-1;-1;-1;;EquestrianMountains
11874;13162;impassable;-1;-1;-1;-1;-1;;EquestrianMountains
11874;13162;impassable;-1;-1;-1;-1;-1;;EquestrianMountains
11391;13162;impassable;-1;-1;-1;-1;-1;;EquestrianMountains
11391;979;impassable;-1;-1;-1;-1;-1;;EquestrianMountains
11391;11883;impassable;-1;-1;-1;-1;-1;;EquestrianMountains
7807;11883;impassable;-1;-1;-1;-1;-1;;EquestrianMountains
7807;10203;impassable;-1;-1;-1;-1;-1;;EquestrianMountains
7807;13209;impassable;-1;-1;-1;-1;-1;;EquestrianMountains
7683;13209;impassable;-1;-1;-1;-1;-1;;EquestrianMountains

3173;2729;impassable;-1;-1;-1;-1;-1;;EquestrianMountains
3173;3720;impassable;-1;-1;-1;-1;-1;;EquestrianMountains
3173;3366;impassable;-1;-1;-1;-1;-1;;EquestrianMountains
9875;3366;impassable;-1;-1;-1;-1;-1;;EquestrianMountains
833;3366;impassable;-1;-1;-1;-1;-1;;EquestrianMountains

3722;6534;impassable;-1;-1;-1;-1;-1;;EquestrianMountains
3545;6534;impassable;-1;-1;-1;-1;-1;;EquestrianMountains
3545;8025;impassable;-1;-1;-1;-1;-1;;EquestrianMountains

9138;13058;impassable;-1;-1;-1;-1;-1;;EquestrianMountains
9138;1173;impassable;-1;-1;-1;-1;-1;;EquestrianMountains
9182;1173;impassable;-1;-1;-1;-1;-1;;EquestrianMountains
9182;11965;impassable;-1;-1;-1;-1;-1;;EquestrianMountains
3136;11965;impassable;-1;-1;-1;-1;-1;;EquestrianMountains
3007;11965;impassable;-1;-1;-1;-1;-1;;EquestrianMountains
3007;4178;impassable;-1;-1;-1;-1;-1;;EquestrianMountains

77;7096;impassable;-1;-1;-1;-1;-1;;EquestrianMountains
6093;77;impassable;-1;-1;-1;-1;-1;;EquestrianMountains
6093;3005;impassable;-1;-1;-1;-1;-1;;EquestrianMountains
13099;3005;impassable;-1;-1;-1;-1;-1;;EquestrianMountains
13099;6147;impassable;-1;-1;-1;-1;-1;;EquestrianMountains

9500;3576;impassable;-1;-1;-1;-1;-1;;EquestrianMountains
9500;3262;impassable;-1;-1;-1;-1;-1;;EquestrianMountains
3262;3576;impassable;-1;-1;-1;-1;-1;;EquestrianMountains
3262;3476;impassable;-1;-1;-1;-1;-1;;EquestrianMountains
6147;3476;impassable;-1;-1;-1;-1;-1;;EquestrianMountains

3700;9620;impassable;-1;-1;-1;-1;-1;;EquestrianMountains
9620;636;impassable;-1;-1;-1;-1;-1;;EquestrianMountains
4155;636;impassable;-1;-1;-1;-1;-1;;EquestrianMountains
4155;11604;impassable;-1;-1;-1;-1;-1;;EquestrianMountains
4155;3650;impassable;-1;-1;-1;-1;-1;;EquestrianMountains
9377;3650;impassable;-1;-1;-1;-1;-1;;EquestrianMountains
9377;817;impassable;-1;-1;-1;-1;-1;;EquestrianMountains
11106;817;impassable;-1;-1;-1;-1;-1;;EquestrianMountains
11106;3939;impassable;-1;-1;-1;-1;-1;;EquestrianMountains
11106;13009;impassable;-1;-1;-1;-1;-1;;EquestrianMountains
11106;3956;impassable;-1;-1;-1;-1;-1;;EquestrianMountains

7451;5283;impassable;-1;-1;-1;-1;-1;;EquestrianMountains
7451;11497;impassable;-1;-1;-1;-1;-1;;EquestrianMountains
9642;11497;impassable;-1;-1;-1;-1;-1;;EquestrianMountains
9642;9429;impassable;-1;-1;-1;-1;-1;;EquestrianMountains
9642;11542;impassable;-1;-1;-1;-1;-1;;EquestrianMountains
9658;11542;impassable;-1;-1;-1;-1;-1;;EquestrianMountains
9658;3652;impassable;-1;-1;-1;-1;-1;;EquestrianMountains
11488;3652;impassable;-1;-1;-1;-1;-1;;EquestrianMountains
11488;680;impassable;-1;-1;-1;-1;-1;;EquestrianMountains
10498;680;impassable;-1;-1;-1;-1;-1;;EquestrianMountains
10498;3669;impassable;-1;-1;-1;-1;-1;;EquestrianMountains
10498;9575;impassable;-1;-1;-1;-1;-1;;EquestrianMountains
1550;9575;impassable;-1;-1;-1;-1;-1;;EquestrianMountains
1550;3506;impassable;-1;-1;-1;-1;-1;;EquestrianMountains
13268;3506;impassable;-1;-1;-1;-1;-1;;EquestrianMountains
13268;9444;impassable;-1;-1;-1;-1;-1;;EquestrianMountains
13268;6518;impassable;-1;-1;-1;-1;-1;;EquestrianMountains

3048;3132;impassable;-1;-1;-1;-1;-1;;EquestrianMountains
3048;3034;impassable;-1;-1;-1;-1;-1;;EquestrianMountains
3179;192;impassable;-1;-1;-1;-1;-1;;EquestrianMountains
192;6168;impassable;-1;-1;-1;-1;-1;;EquestrianMountains
6168;3193;impassable;-1;-1;-1;-1;-1;;EquestrianMountains
6168;151;impassable;-1;-1;-1;-1;-1;;EquestrianMountains
9226;9083;impassable;-1;-1;-1;-1;-1;;EquestrianMountains
67;9083;impassable;-1;-1;-1;-1;-1;;EquestrianMountains
67;9038;impassable;-1;-1;-1;-1;-1;;EquestrianMountains
9134;11026;impassable;-1;-1;-1;-1;-1;;EquestrianMountains
9134;11;impassable;-1;-1;-1;-1;-1;;EquestrianMountains
11069;11;impassable;-1;-1;-1;-1;-1;;EquestrianMountains

2067;12819;impassable;-1;-1;-1;-1;-1;;WittenlandMountains
2067;5072;impassable;-1;-1;-1;-1;-1;;WittenlandMountains
2067;12841;impassable;-1;-1;-1;-1;-1;;WittenlandMountains
7294;12841;impassable;-1;-1;-1;-1;-1;;WittenlandMountains

1377;8114;impassable;-1;-1;-1;-1;-1;;WittenlandMountains
1377;4299;impassable;-1;-1;-1;-1;-1;;WittenlandMountains
1377;12777;impassable;-1;-1;-1;-1;-1;;WittenlandMountains
5055;12777;impassable;-1;-1;-1;-1;-1;;WittenlandMountains
5055;12786;impassable;-1;-1;-1;-1;-1;;WittenlandMountains
5055;7938;impassable;-1;-1;-1;-1;-1;;WittenlandMountains

13227;4995;impassable;-1;-1;-1;-1;-1;;WittenlandMountains
5079;4995;impassable;-1;-1;-1;-1;-1;;WittenlandMountains

12342;4192;impassable;-1;-1;-1;-1;-1;;WittenlandMountains
12342;10848;impassable;-1;-1;-1;-1;-1;;WittenlandMountains

4459;1541;impassable;-1;-1;-1;-1;-1;;PonaidheanMountains
4459;10361;impassable;-1;-1;-1;-1;-1;;PonaidheanMountains
10878;10361;impassable;-1;-1;-1;-1;-1;;PonaidheanMountains

2012;10829;impassable;-1;-1;-1;-1;-1;;PonaidheanMountains
2012;10829;impassable;-1;-1;-1;-1;-1;;PonaidheanMountains
2012;8008;impassable;-1;-1;-1;-1;-1;;PonaidheanMountains
10829;8008;impassable;-1;-1;-1;-1;-1;;PonaidheanMountains
2096;8008;impassable;-1;-1;-1;-1;-1;;PonaidheanMountains

7950;8164;impassable;-1;-1;-1;-1;-1;;RiverMountains
7950;11014;impassable;-1;-1;-1;-1;-1;;RiverMountains
7950;12707;impassable;-1;-1;-1;-1;-1;;RiverMountains

2001;7912;impassable;-1;-1;-1;-1;-1;;RiverMountains
2001;10859;impassable;-1;-1;-1;-1;-1;;RiverMountains

2068;10928;impassable;-1;-1;-1;-1;-1;;RiverMountains
2068;10776;impassable;-1;-1;-1;-1;-1;;RiverMountains

6787;7833;impassable;-1;-1;-1;-1;-1;;RiverMountains
12390;7833;impassable;-1;-1;-1;-1;-1;;RiverMountains

4817;7685;impassable;-1;-1;-1;-1;-1;;RiverMountains
4817;10692;impassable;-1;-1;-1;-1;-1;;RiverMountains
12602;10692;impassable;-1;-1;-1;-1;-1;;RiverMountains
12602;1812;impassable;-1;-1;-1;-1;-1;;RiverMountains

1937;5317;impassable;-1;-1;-1;-1;-1;;MinotaurMountains
2007;5317;impassable;-1;-1;-1;-1;-1;;MinotaurMountains
2007;8050;impassable;-1;-1;-1;-1;-1;;MinotaurMountains
5026;10736;impassable;-1;-1;-1;-1;-1;;MinotaurMountains

2361;8838;;-1;-1;-1;-1;-1;LUNABAY_STRAIT;Luna Bay
8300;8404;;-1;-1;-1;-1;-1;WETERVEDINA_STRAIT;Boreal West
8300;2499;;-1;-1;-1;-1;-1;WETERVEDINA_STRAIT;Boreal East
20193;5698;;-1;-1;-1;-1;-1;ARABIAN_STRAIT;Inner Arabian Strait
20193;4030;;-1;-1;-1;-1;-1;ARABIAN_STRAIT;Outer Arabian Strait
20170;2421;;-1;-1;-1;-1;-1;POLAR_STRAIT;Polar West
20170;2396;;-1;-1;-1;-1;-1;POLAR_STRAIT;Polar Middle
20170;8576;;-1;-1;-1;-1;-1;POLAR_STRAIT;Polar East
8551;13166;;-1;-1;-1;-1;-1;TOAMAZA_STRAIT;Toamaza North
8551;3222;;-1;-1;-1;-1;-1;TOAMAZA_STRAIT;Toamaza South
20202;8697;;-1;-1;-1;-1;-1;ZAREDLINIA_STRAIT;Zaredlinia Northeast
20202;20201;;-1;-1;-1;-1;-1;ZAREDLINIA_STRAIT;Zaredlinia Southeast
20202;8630;;-1;-1;-1;-1;-1;ZAREDLINIA_STRAIT;Zaredlinia West

2361;8838;;-1;-1;-1;-1;-1;LUNABAY_STRAIT;Luna Bay
8300;8404;;-1;-1;-1;-1;-1;WETERVEDINA_STRAIT;Boreal West
8300;2499;;-1;-1;-1;-1;-1;WETERVEDINA_STRAIT;Boreal East

-1;-1;;-1;-1;-1;-1;-1;-1
